cluster_label,customers,avg_frequency,avg_monetary,avg_recency,anomaly_rate
0,4,3.75,523.75,2.25,0.0
1,4,3.0,268.75,8.5,0.0
2,3,4.0,273.3333333333333,3.3333333333333335,0.0
3,3,2.6666666666666665,323.3333333333333,2.0,0.0
4,1,3.0,630.0,0.0,1.0
