model,silhouette,davies_bouldin,calinski_harabasz,n_clusters,noise_points,params
KMeans,0.2468781921458189,1.4940632927923096,224.0475010590345,5,0,"{""n_clusters"": 5}"
DBSCAN,0.22546095042091108,1.0521143041698788,113.26597212041723,9,317,"{""eps"": 0.9, ""min_samples"": 8}"
GMM,0.22191291866939467,1.826420009028627,173.8756478000403,5,0,"{""n_components"": 5}"
Hierarchical,0.24483215239379486,1.4430577133404046,218.6060514698917,5,0,"{""n_clusters"": 5, ""linkage"": ""ward""}"
